brand,Product Name,Price,Rating,Availability
Puma,Puma Unisex-Adult Up Sneaker,"2,404",4.2 out of 5 stars,In stock
Puma,Puma Unisex-Adult Ca Pro Classic Sneaker,"3,999",3.7 out of 5 stars,In stock
Puma,Puma Unisex-Adult Duke Sneaker,"2,309",4.0 out of 5 stars,In stock
Puma,Puma Men's Court Shatter Low Sneaker,"2,399",4.1 out of 5 stars,In stock
Puma,Puma Unisex Smashic Sneaker,"1,799",3.9 out of 5 stars,In stock
Puma,Puma Men's Dexfly V1 Sneaker,"1,999",3.8 out of 5 stars,In stock
Puma,Puma Unisex-Adult Up Sneaker,"2,404",4.2 out of 5 stars,In stock
Puma,Cruiser Chunky Sneaker for Men | Bold & Stylish Design | Lightweight & Comfortable | Gymwear & Casual Outfits | Durable Footwear 2630,999,4.7 out of 5 stars,Available to ship in 1-2 days
Puma,Puma Unisex Rickie Sneaker,"2,145",4.1 out of 5 stars,In stock
Puma,U.S. POLO ASSN. Men's Sneaker,"1,648",4.1 out of 5 stars,In stock
Puma,SPARX Mens Sm 439 Sneaker,679,4.2 out of 5 stars,In stock
Puma,Puma Unisex .0 Essentials Sneaker,"3,279",3.8 out of 5 stars,In stock
Puma,Puma Unisex Caven 2.0 Sneaker,"3,419",4.4 out of 5 stars,In stock
Puma,Puma Unisex Shuffle RES Sneaker,"1,950",3.8 out of 5 stars,In stock
Puma,Puma Unisex-Adult Unisex BMW MMS Drift Cat Delta Sneaker,"3,199",3.9 out of 5 stars,In stock
Puma,Puma Unisex-Adult Duke Sneaker,"2,309",4.0 out of 5 stars,In stock
Puma,Puma Unisex Court Ultra Lite Sneaker,"2,999",4.2 out of 5 stars,Only 1 left in stock.
Puma,,,,Not available
Puma,Puma Unisex Hypnotic Sneaker,"3,149",4.1 out of 5 stars,Only 5 left in stock.
Puma,Puma Unisex Ferrari Drift Cat 8 Sneaker,"3,199",3.9 out of 5 stars,In stock
Puma,Puma Unisex-Adult Turino Ii Sneaker,"3,434",4.0 out of 5 stars,Only 3 left in stock.
Puma,Puma Men's Radcliff Sneaker,"1,999",3.8 out of 5 stars,Only 3 left in stock.
Puma,Puma Unisex-adult's Sneaker,"1,760",4.1 out of 5 stars,Only 3 left in stock.
Puma,Puma Unisex Smash Comfort Sneaker,"1,799",3.4 out of 5 stars,In stock
Puma,Puma Unisex MAPF1 Drift Cat Decima 2.0 Sneaker,"2,799",3.6 out of 5 stars,In stock
Puma,Puma Mens Dazzler Sneaker,"3,999",3.9 out of 5 stars,Only 1 left in stock.
Puma,Puma Mens Dazzler Sneaker,"1,584",3.9 out of 5 stars,In stock
Puma,"OFF LIMITS Men's Gladiator Lightweight Breathable Comfortable Running Shoes for Men with Shock-Absorption Technology, Sports Fashion Walking Hiking Sneakers for Mens Casual Workout Footwear","1,899",3.7 out of 5 stars,In stock
Puma,Bacca Bucci Men's Sneaker,"1,199",3.5 out of 5 stars,In stock
Puma,Puma Men's lite flexPunt Running Shoe,"3,509",2.9 out of 5 stars,In stock
Puma,Puma Unisex Serve Pro Lite Sneaker,"1,664",4.1 out of 5 stars,In stock
Puma,Puma Men's Softride Clean V2 Running Shoe,"2,499",4.0 out of 5 stars,Only 3 left in stock.
Puma,Puma Men's Maximal Comfort Walking Shoe,"1,714",4.0 out of 5 stars,In stock
Puma,Puma Men's Shuffle Zenfit Sneaker,"2,145",3.2 out of 5 stars,In stock
Puma,Puma Men's Ultimate Ease Walking Shoe,"1,714",4.0 out of 5 stars,In stock
Puma,Puma Unisex-Adult Up Sneaker,"2,404",4.2 out of 5 stars,In stock
Puma,Puma Unisex BMW MMS Tune Cat Sneaker,"2,799",3.8 out of 5 stars,In stock
Puma,Puma Unisex Feetmax Sneaker,"2,579",3.9 out of 5 stars,Only 1 left in stock.
Puma,Puma Unisex Road Rider SD Sneaker,"3,120",3.6 out of 5 stars,In stock
Puma,Puma Unisex ReboundFuture NextGenRes Sneaker,"4,079",5.0 out of 5 stars,Only 1 left in stock.
Puma,Puma Unisex BMW MMS Tiburion Logo Sneaker,"4,399",4.7 out of 5 stars,In stock
Puma,Puma Unisex MAPF1 Neo Cat Sneaker,"4,399",4.3 out of 5 stars,Only 1 left in stock.
Puma,Puma Men's Fierce Runner Running Shoe,"4,499",3.7 out of 5 stars,Only 3 left in stock.
Puma,Puma Unisex Smash Vulc V3 LO Sneaker,"3,249",4.0 out of 5 stars,Only 2 left in stock.
Puma,"ASIAN Men's Wonder Sports Running,Walking & Gym Shoes with Casual Sneaker Lightweight Lace-Up Shoes for Men's Delta-20",799,3.9 out of 5 stars,In stock
Puma,Puma Unisex-Adult Suede Play.Paris. Sneaker,"4,399",4.0 out of 5 stars,In stock
Puma,Puma Men's Forza Sneaker,"2,249",5.0 out of 5 stars,In stock
Puma,Puma Unisex ST Runner v4 L Sneaker,"2,145",4.4 out of 5 stars,Only 4 left in stock.
Puma,Puma Unisex-Adult Caven 2.0 Res Sneaker,"4,334",Previous page,Only 4 left in stock.
Puma,Puma Men's Vitoria TT Football Shoe,"2,024",3.9 out of 5 stars,Only 3 left in stock.
Puma,Puma Unisex-Adult Shuffle Sneaker,"2,749",4.3 out of 5 stars,Only 1 left in stock.
Puma,Puma Unisex BMW MMS Caven 2.0 Sneaker,"4,830",4.2 out of 5 stars,In stock
Puma,Puma Men's Momento Sneaker,"2,894",4.6 out of 5 stars,Only 5 left in stock.
Puma,Puma Unisex Caven 2.0 Mid Sneaker,"3,919",4.4 out of 5 stars,Only 1 left in stock.
Puma,Puma Unisex-Adult Wired Run Pure Sneaker,"2,128",4.0 out of 5 stars,Only 2 left in stock.
Puma,Puma Mens Rbd Game Court- Z Low Sneaker,"7,499",Previous page,In stock
Puma,Puma Unisex Rickie Classic Sneaker,"2,940",4.5 out of 5 stars,Only 1 left in stock.
Puma,Puma Unisex Seoul Sneaker,"3,760",2.0 out of 5 stars,In stock
Puma,Puma Unisex Dart One8 V2 Sneaker,"1,892",4.0 out of 5 stars,Only 1 left in stock.
Puma,Puma Unisex Rickie Sneaker,"3,299",4.1 out of 5 stars,Only 1 left in stock.
Puma,Puma Men's Court Classic Res Sneaker,"4,399",3.5 out of 5 stars,In stock
Puma,Cruiser Mens Sneakers | Casual Shoes | Experience Comfort & Style with Soft Cushioned Insole | Trendy Lace-Up Design Sneaker 2579,"1,049",4.2 out of 5 stars,Available to ship in 1-2 days
Puma,Puma Unisex Pwrframe OP-1 Cyber Sneaker,"3,299",4.1 out of 5 stars,In stock
Puma,Puma Men's Flexrate Sneaker,"1,799",3.4 out of 5 stars,In stock
Puma,"Bacca BucciÂ® Men's Energy Afterburn Disruptor for Multiple Sports,Fashion, Party & Fun Shoes/Sneakers","1,199",3.7 out of 5 stars,In stock
Puma,Bacca Bucci Men's Korean Style High Top Platform Fashion Sneaker/Sports/Casual Shoes for Men,"1,199",3.6 out of 5 stars,Only 4 left in stock.
Puma,Puma Unisex Pwrframe OP-1 Cyber Sneaker,"3,299",4.1 out of 5 stars,In stock
Puma,Puma Unisex-Adult Up Sneaker,"2,404",4.2 out of 5 stars,In stock
Puma,YOHO Blinc Sneakers for Men | Hands Free Lightweight Shoes,"2,499",4.0 out of 5 stars,In stock
Puma,Bacca Bucci Hi-top Skyline SOARER Men's Sneakers - Gen Z Style Elevation,"1,799",5.0 out of 5 stars,In stock
Puma,Cruiser Mens 2629 Comfort & Style with Soft Cushioned Insole | Trendy Lace-Up Design for Casual Outfits,999,4.9 out of 5 stars,Only 2 left in stock.
